processes,execution_time,efficiency
1,123.357692,1
2,62.625188,.98488879586277649178
4,31.191618,.98870866525744191917
8,20.137489,.76572165973622629911
16,17.769928,.43492591810163777816
