processes,matrix_size,execution_time,efficiency
1,10000,11.460052,1.0000000
2,20000,24.016351,.47717707
4,40000,193.465194,.05923573
8,80000,684.321736,.01674658