Grid_Size,Num_Threads,Time_Spent
128,1,0.151737
256,4,0.78334
256,2,0.77588
512,8,3.56743
512,2,4.47267
1024,8,17.2159
1024,2,6.81094
2048,8,22.2033
